<?xml version="1.0" encoding="UTF-8" standalone="yes"?>
<addon id="service.addonsync" name="AddonSync" version="100.1.0a" provider-name="robwebset">
	<requires>
		<import addon="xbmc.python" version="2.20.0"/>
		<import addon="script.module.simplejson" version="3.3.0"/>
	</requires>
	<extension point="xbmc.service" library="service.py" start="login"/>
	<extension point="xbmc.python.script" library="default.py"/>
	<extension point="xbmc.addon.metadata">
		<summary lang="en">Synchronise Addon Settings Between Different Installations</summary>
		<description lang="en">Keep all Addon settings in sync across all of your installations</description>
		<language></language>
		<platform>all</platform>
		<license>See LICENSE.txt</license>
		<forum>http://www.urepo.org/forum/viewtopic.php?t=1755</forum>
		<source>https://github.com/robwebset/service.addonsync</source>
		<news>Available from the robwebset and URepo repositories</news>
		<assets>
			<icon>icon.png</icon>
			<fanart>fanart.jpg</fanart>
			<screenshot>resources/screenshot-01.jpg</screenshot>
			<screenshot>resources/screenshot-02.jpg</screenshot>
			<screenshot>resources/screenshot-03.jpg</screenshot>
			<banner>resources/banner.jpg</banner>
			<logo>resources/logo.png</logo>
		</assets>
	</extension>
</addon>
