<?xml version="1.0" encoding="utf-8" standalone="yes"?>
<window id="3002">
    <defaultcontrol>302</defaultcontrol>
    <animation effect="fade" time="350">WindowOpen</animation>
    <animation effect="fade" time="350">WindowClose</animation>
    <zorder>1</zorder>
    <controls>
        <control type="image" id="101">
            <description>Background</description>
            <width>1280</width>
            <height>720</height>
            <visible>true</visible>
            <colordiffuse>FFFFFFFF</colordiffuse>
            <texture border="40">DialogBack.png</texture>
        </control>
        <control type="image" id="102">
            <description>Dialog Header image</description>
            <posx>40</posx>
            <posy>10</posy>
            <width>1280</width>
            <height>50</height>
            <texture>dialogheader.png</texture>
        </control>
        <control type="image" id="103">
            <description>Separator</description>
            <posx>40</posx>
            <posy>80r</posy>
            <width>1225</width>
            <height>2</height>
            <texture>separator.png</texture>
        </control>
        <control type="label" id="201">
            <description>Window Title</description>
            <posx>400</posx> <!-- window width / 2 - label width / 2 -->
            <posy>25</posy>
            <width>800</width>
            <height>20</height>
            <aligny>center</aligny>
            <label>$ADDON[script.game.filmwise 32001]</label>
			<textcolor>ffffffff</textcolor>		<!-- white -->
        </control>
        <control type="grouplist" id="202">
			<posx>40</posx>
			<posy>80</posy>
            <width>1180</width>
            <height>560</height>
            <orientation>horizontal</orientation>
            <pagecontrol>203</pagecontrol>
            <control type="group" id="401">
				<posx>20</posx>
				<posy>80</posy>
	            <width>340</width>
	            <height>400</height>
				<control type="image" id="501">
					<description>FilmWise Image 1</description>
					<posx>10</posx>
					<posy>0</posy>
					<width>330</width>
					<height>170</height>
					<texture border="5">placeholder.png</texture>
				</control>
				<control type="image" id="701">
					<description>Correct or incorrect marker</description>
					<posx>300</posx>
					<posy>130</posy>
					<width>40</width>
					<height>40</height>
					<texture border="0">correct.png</texture>
				</control>
				<control type="edit" id="601">
					<description>Answer 1</description>
					<posx>10</posx>
					<posy>180</posy>
					<width>330</width>
					<visible>true</visible>
					<aligny>center</aligny>
					<label>1.</label>
					<textcolor>ffffffff</textcolor>		<!-- white -->
					<pulseonselect>yes</pulseonselect>
		            <onright>603</onright>
		            <onleft>607</onleft>
		            <onup>302</onup>
		            <ondown>602</ondown>
				</control>
 				<control type="image" id="502">
					<description>FilmWise Image 2</description>
					<posx>10</posx>
					<posy>240</posy>
					<width>330</width>
					<height>170</height>
					<texture border="5">placeholder.png</texture>
				</control>
				<control type="image" id="702">
					<description>Correct or incorrect marker</description>
					<posx>300</posx>
					<posy>370</posy>
					<width>40</width>
					<height>40</height>
					<texture border="0">correct.png</texture>
				</control>
				<control type="edit" id="602">
					<description>Answer 2</description>
					<posx>10</posx>
					<posy>420</posy>
					<width>330</width>
					<visible>true</visible>
					<aligny>center</aligny>
					<label>2.</label>
					<textcolor>ffffffff</textcolor>		<!-- white -->
					<pulseonselect>yes</pulseonselect>
		            <onright>604</onright>
		            <onleft>608</onleft>
		            <onup>601</onup>
		            <ondown>203</ondown>
				</control>
			</control>
            <control type="group" id="402">
				<posx>20</posx>
				<posy>80</posy>
	            <width>340</width>
	            <height>400</height>
				<control type="image" id="503">
					<description>FilmWise Image 3</description>
					<posx>10</posx>
					<posy>0</posy>
					<width>330</width>
					<height>170</height>
					<texture border="5">placeholder.png</texture>
				</control>
				<control type="image" id="703">
					<description>Correct or incorrect marker</description>
					<posx>300</posx>
					<posy>130</posy>
					<width>40</width>
					<height>40</height>
					<texture border="0">correct.png</texture>
				</control>
				<control type="edit" id="603">
					<description>Answer 3</description>
					<posx>10</posx>
					<posy>180</posy>
					<width>330</width>
					<visible>true</visible>
					<aligny>center</aligny>
					<label>3.</label>
					<textcolor>ffffffff</textcolor>		<!-- white -->
					<pulseonselect>yes</pulseonselect>
		            <onright>605</onright>
		            <onleft>601</onleft>
		            <onup>302</onup>
		            <ondown>604</ondown>
				</control>
				<control type="image" id="504">
					<description>FilmWise Image 4</description>
					<posx>10</posx>
					<posy>240</posy>
					<width>330</width>
					<height>170</height>
					<texture border="5">placeholder.png</texture>
				</control>
				<control type="image" id="704">
					<description>Correct or incorrect marker</description>
					<posx>300</posx>
					<posy>370</posy>
					<width>40</width>
					<height>40</height>
					<texture border="0">correct.png</texture>
				</control>
				<control type="edit" id="604">
					<description>Answer 4</description>
					<posx>10</posx>
					<posy>420</posy>
					<width>330</width>
					<visible>true</visible>
					<aligny>center</aligny>
					<label>4.</label>
					<textcolor>ffffffff</textcolor>		<!-- white -->
					<pulseonselect>yes</pulseonselect>
		            <onright>606</onright>
		            <onleft>602</onleft>
		            <onup>603</onup>
		            <ondown>203</ondown>
				</control>
			</control>
            <control type="group" id="403">
				<posx>20</posx>
				<posy>80</posy>
	            <width>340</width>
	            <height>400</height>
				<control type="image" id="505">
					<description>FilmWise Image 5</description>
					<posx>10</posx>
					<posy>0</posy>
					<width>330</width>
					<height>170</height>
					<texture border="5">placeholder.png</texture>
				</control>
				<control type="image" id="705">
					<description>Correct or incorrect marker</description>
					<posx>300</posx>
					<posy>130</posy>
					<width>40</width>
					<height>40</height>
					<texture border="0">correct.png</texture>
				</control>
				<control type="edit" id="605">
					<description>Answer 5</description>
					<posx>10</posx>
					<posy>180</posy>
					<width>330</width>
					<visible>true</visible>
					<aligny>center</aligny>
					<label>5.</label>
					<textcolor>ffffffff</textcolor>		<!-- white -->
					<pulseonselect>yes</pulseonselect>
		            <onright>607</onright>
		            <onleft>603</onleft>
		            <onup>302</onup>
		            <ondown>606</ondown>
				</control>
				<control type="image" id="506">
					<description>FilmWise Image 6</description>
					<posx>10</posx>
					<posy>240</posy>
					<width>330</width>
					<height>170</height>
					<texture border="5">placeholder.png</texture>
				</control>
				<control type="image" id="706">
					<description>Correct or incorrect marker</description>
					<posx>300</posx>
					<posy>370</posy>
					<width>40</width>
					<height>40</height>
					<texture border="0">correct.png</texture>
				</control>
				<control type="edit" id="606">
					<description>Answer 6</description>
					<posx>10</posx>
					<posy>420</posy>
					<width>330</width>
					<visible>true</visible>
					<aligny>center</aligny>
					<label>6.</label>
					<textcolor>ffffffff</textcolor>		<!-- white -->
					<pulseonselect>yes</pulseonselect>
		            <onright>608</onright>
		            <onleft>604</onleft>
		            <onup>605</onup>
		            <ondown>203</ondown>
				</control>
			</control>
            <control type="group" id="404">
				<posx>20</posx>
				<posy>80</posy>
	            <width>340</width>
	            <height>400</height>
				<control type="image" id="507">
					<description>FilmWise Image 7</description>
					<posx>10</posx>
					<posy>0</posy>
					<width>330</width>
					<height>170</height>
					<texture border="5">placeholder.png</texture>
				</control>
				<control type="image" id="707">
					<description>Correct or incorrect marker</description>
					<posx>300</posx>
					<posy>130</posy>
					<width>40</width>
					<height>40</height>
					<texture border="0">correct.png</texture>
				</control>
				<control type="edit" id="607">
					<description>Answer 7</description>
					<posx>10</posx>
					<posy>180</posy>
					<width>330</width>
					<visible>true</visible>
					<aligny>center</aligny>
					<label>7.</label>
					<textcolor>ffffffff</textcolor>		<!-- white -->
					<pulseonselect>yes</pulseonselect>
		            <onright>601</onright>
		            <onleft>605</onleft>
		            <onup>302</onup>
		            <ondown>608</ondown>
				</control>
				<control type="image" id="508">
					<description>FilmWise Image 8</description>
					<posx>10</posx>
					<posy>240</posy>
					<width>330</width>
					<height>170</height>
					<texture border="5">placeholder.png</texture>
				</control>
				<control type="image" id="708">
					<description>Correct or incorrect marker</description>
					<posx>300</posx>
					<posy>370</posy>
					<width>40</width>
					<height>40</height>
					<texture border="0">correct.png</texture>
				</control>
				<control type="edit" id="608">
					<description>Answer 8</description>
					<posx>10</posx>
					<posy>420</posy>
					<width>330</width>
					<visible>true</visible>
					<aligny>center</aligny>
					<label>8.</label>
					<textcolor>ffffffff</textcolor>		<!-- white -->
					<pulseonselect>yes</pulseonselect>
		            <onright>602</onright>
		            <onleft>606</onleft>
		            <onup>607</onup>
		            <ondown>203</ondown>
				</control>
            </control>
        </control>
 		<control type="label" id="204">
			<description>Score label</description>
			<posx>440</posx>
			<posy>430</posy>
			<width>400</width>
			<align>center</align>
			<aligny>center</aligny>
			<scroll>false</scroll>
			<label>[B]$ADDON[script.game.filmwise 32007]: 0/8[/B]</label>
			<font>font14</font>
			<textcolor>FFB2D4F5</textcolor>
			<shadowcolor>ff000000</shadowcolor>
			<wrapmultiline>false</wrapmultiline>
		</control>
        <control type="scrollbar" id="203">
            <description>Scrollbar for Viewer</description>
            <posx>40</posx>
            <posy>110r</posy>
            <width>1200</width>
            <height>25</height>
			<texturesliderbackground border="14,0,14,0">ScrollBarH.png</texturesliderbackground>
			<texturesliderbar border="14,0,14,0">ScrollBarH_bar.png</texturesliderbar>
			<texturesliderbarfocus border="14,0,14,0">ScrollBarH_bar_focus.png</texturesliderbarfocus>
			<textureslidernib>ScrollBarNib.png</textureslidernib>
			<textureslidernibfocus>ScrollBarNib.png</textureslidernibfocus>
            <colordiffuse>FFCCCCCC</colordiffuse>
            <pulseonselect>True</pulseonselect>
            <orientation>horizontal</orientation>
            <showonepage>true</showonepage>
            <onup>202</onup>
            <ondown>302</ondown>
        </control>
        <control type="button" id="301">
            <description>Check Answers</description>
            <posx>50</posx>
            <posy>65r</posy>
            <width>250</width>
            <height>40</height>
            <align>center</align>
            <label>$ADDON[script.game.filmwise 32005]</label>
            <texturenofocus border="5">button-nofocus.png</texturenofocus>
            <texturefocus border="5">button-focus.png</texturefocus>
			<textcolor>ffffffff</textcolor>		<!-- white -->
            <onright>302</onright>
            <onleft>303</onleft>
            <onup>203</onup>
            <ondown>202</ondown>
        </control>
        <control type="button" id="302">
            <description>Close Button</description>
            <posx>515</posx>
            <posy>65r</posy>
            <width>250</width>
            <height>40</height>
            <align>center</align>
            <label>$ADDON[script.game.filmwise 32004]</label>
            <texturenofocus border="5">button-nofocus.png</texturenofocus>
            <texturefocus border="5">button-focus.png</texturefocus>
			<textcolor>ffffffff</textcolor>		<!-- white -->
            <onright>303</onright>
            <onleft>301</onleft>
            <onup>203</onup>
            <ondown>202</ondown>
        </control>
        <control type="button" id="303">
            <description>Solution Button</description>
            <posx>970</posx>
            <posy>65r</posy>
            <width>250</width>
            <height>40</height>
            <align>center</align>
            <label>$ADDON[script.game.filmwise 32006]</label>
            <texturenofocus border="5">button-nofocus.png</texturenofocus>
            <texturefocus border="5">button-focus.png</texturefocus>
			<textcolor>ffffffff</textcolor>		<!-- white -->
            <onright>301</onright>
            <onleft>302</onleft>
            <onup>203</onup>
            <ondown>601</ondown>
        </control>
    </controls>
</window>
