<?xml version="1.0" encoding="UTF-8" standalone="yes"?>
<addon id="screensaver.weather" name="WeatherScreensaver" version="100.2.3" provider-name="robwebset">
	<requires>
		<import addon="xbmc.python" version="2.14.0"/>
		<import addon="script.module.simplejson" version="3.3.0"/>
	</requires>
	<extension point="xbmc.ui.screensaver" library="default.py"/>
  	<extension point="xbmc.python.script" library="default.py" />
	<extension point="xbmc.service" library="service.py" start="login"/>
	<extension point="xbmc.addon.metadata">
		<summary lang="en">Weather Screensaver</summary>
		<description lang="en">Screensaver that displays the weather.</description>
		<language></language>
		<platform>all</platform>
		<license>See LICENSE.txt</license>
		<forum>http://www.urepo.org/forum/viewtopic.php?t=1774</forum>
		<source>https://github.com/robwebset/screensaver.weather</source>
		<news>Available from the robwebset and URepo repositories</news>
		<assets>
			<icon>icon.png</icon>
			<fanart>fanart.jpg</fanart>
			<screenshot>resources/screenshot-01.jpg</screenshot>
			<screenshot>resources/screenshot-02.jpg</screenshot>
			<screenshot>resources/screenshot-03.jpg</screenshot>
			<banner>resources/banner.jpg</banner>
			<logo>resources/logo.png</logo>
		</assets>
	</extension>
</addon>
