<?xml version="1.0" encoding="UTF-8" standalone="yes"?>
<addon id="service.addonsync" name="AddonSync" version="1.0.3" provider-name="robwebset">
	<requires>
		<import addon="xbmc.python" version="2.20.0"/>
		<import addon="script.module.simplejson" version="3.3.0"/>
	</requires>
	<extension point="xbmc.service" library="service.py" start="login"/>
	<extension point="xbmc.python.script" library="default.py"/>
	<extension point="xbmc.addon.metadata">
		<summary lang="en">Synchronise Addon Settings Between Different Installations</summary>
		<description lang="en">Keep all Addon settings in sync across all of your installations</description>
		<language></language>
		<platform>all</platform>
		<license>See LICENSE.txt</license>
		<forum>http://forum.kodi.tv/showthread.php?tid=292715</forum>
		<source>https://github.com/robwebset/service.addonsync</source>
	</extension>
</addon>
