<?xml version="1.0" encoding="UTF-8" standalone="yes"?>
<addon id="screensaver.weather" name="WeatherScreensaver" version="100.2.2" provider-name="robwebset">
	<requires>
		<import addon="xbmc.python" version="2.14.0"/>
		<import addon="script.module.simplejson" version="3.3.0"/>
	</requires>
	<extension point="xbmc.ui.screensaver" library="default.py"/>
  	<extension point="xbmc.python.script" library="default.py" />
	<extension point="xbmc.addon.metadata">
		<summary lang="en">Weather Screensaver</summary>
		<description lang="en">Screensaver that displays the weather.</description>
		<language></language>
		<platform>all</platform>
		<license>See LICENSE.txt</license>
		<forum></forum>
		<source>https://github.com/robwebset/screensaver.weather</source>
	</extension>
</addon>
