<?xml version="1.0" encoding="UTF-8" standalone="yes"?>
<addon id="screensaver.random" name="RandomScreensaver" version="1.3.2" provider-name="robwebset">
	<requires>
		<import addon="xbmc.python" version="2.14.0"/>
		<import addon="script.module.simplejson" version="3.3.0"/>
	</requires>
	<extension point="xbmc.ui.screensaver" library="default.py"/>
	<extension point="xbmc.addon.metadata">
		<summary lang="bg">Произволен скрийнсейвър</summary>
		<summary lang="de">Zufälliger Bildschirmschoner</summary>
		<summary lang="el">Τυχαία επιλογή προφύλαξης οθόνης</summary>
		<summary lang="en">Random Screensaver</summary>
		<summary lang="en_NZ">Random Screensaver</summary>
		<summary lang="en_US">Random Screensaver</summary>
		<summary lang="fr">Économiseur d'écran aléatoire (Random Screensaver)</summary>
		<summary lang="fr_CA">Économiseur d'écran aléatoire</summary>
		<summary lang="gl">Random Screensaver</summary>
		<summary lang="he">שומר מסך אקראי</summary>
		<summary lang="it">Screensaver Casuale</summary>
		<summary lang="ko">Random Screensaver</summary>
		<summary lang="lt">Random Screensaver</summary>
		<summary lang="nl">Willekeurige schermbeveiliging</summary>
		<summary lang="pl">Losowy Wygaszacz Ekranu</summary>
		<summary lang="pt_BR">Protetor de Tela Randômico</summary>
		<description lang="bg">Избира произволен скрийнсейвър, измежду инсталираните, който да се визуализира.</description>
		<description lang="de">Bildschirmschoner, der einen installierten Bildschirmschoner zufällig auswählt, wird verwendet.</description>
		<description lang="el">Προφύλαξη οθόνης που επιλέγει μία εγκατεστημένη συλλογή προφυλάξεων οθόνης τυχαία για να χρησιμοποιηθεί </description>
		<description lang="en">Screensaver that selects an installed screensaver at random to be used.</description>
		<description lang="en_NZ">Screensaver that selects an installed screensaver at random to be used.</description>
		<description lang="en_US">Screensaver that selects an installed screensaver at random to be used.</description>
		<description lang="fr">Économiseur d'écran qui active aléatoirement un économiseur d'écran déjà installé</description>
		<description lang="fr_CA">Un économiseur d'écran installé est choisi aléatoirement et utilisé.</description>
		<description lang="he">שומר מסך הבוחר באופן אקראי מבין שומרי המסך המותקנים איזה מהם יהיה פעיל.</description>
		<description lang="it">Uno Screensaver che seleziona un salvaschermo installato a caso da usare.</description>
		<description lang="lt">Ekrano užsklanda, kuri naudoja atsitiktinai parinktą ekrano užsklandą, iš jau įdiegtų sistemoje.</description>
		<description lang="nl">Schermbeveiliger die een geïnstalleerde schermbeveiliging selecteerd op willekeurige basis</description>
		<description lang="pl">Wygaszacza ekranu losujący wygaszacz ekranu do użycia z listy zainstalowanych wygaszaczy.</description>
		<description lang="pt_BR">Protetor de Tela que seleciona um dos protetores de tela disponíveis em seu sistema, para ser usado de maneira randômica</description>
		<language></language>
		<platform>all</platform>
		<license>See LICENSE.txt</license>
		<forum>http://forum.kodi.tv/showthread.php?tid=292710</forum>
		<source>https://github.com/robwebset/screensaver.random</source>
	</extension>
</addon>
