<?xml version="1.0" encoding="UTF-8" standalone="yes"?>
<addon id="script.audiobooks" name="AudioBooks" version="1.6.4" provider-name="robwebset">
	<requires>
		<import addon="xbmc.python" version="2.14.0"/>
		<import addon="script.resource.mutagen" version="1.34.1"/>
	</requires>
	<extension point="xbmc.python.pluginsource" library="plugin.py">
		<provides>audio</provides>
	</extension>
	<extension point="xbmc.service" library="service.py" start="login"/>
	<extension point="xbmc.addon.metadata">
		<summary lang="en">Play AudioBooks</summary>

		<description lang="en">Allows the playing of AudioBooks</description>

		<language></language>
		<platform>all</platform>
		<license>See LICENSE.txt</license>
		<forum>http://forum.kodi.tv/showthread.php?tid=292711</forum>
		<source>https://github.com/robwebset/script.audiobooks</source>
	</extension>
</addon>
